model,test_accuracy
1-layer nn,92.00000047683716
2-layer nn,93.99999928474426
