model,test_accuracy
1-layer nn,97.99999904632568
2-layer nn,96.00000023841858
